auction_id,category,starting_price,duration_hours,final_price
1,Electronics,323.68087297118694,6,496.18921745665216
2,Car,693.2931030577035,23,1400.1950160560575
3,Car,671.4653821020194,4,1205.3800847676744
4,Art,741.3324275677384,21,1691.5802780758404
5,Art,778.0464628549753,7,1922.5603746122267
6,Electronics,335.0327919853726,17,534.8129257946171
7,Art,586.0383262961689,23,1696.9677292581846
8,Electronics,784.7615378979416,15,2170.434704607288
9,Fashion,63.39979446211826,12,106.21110739205244
10,Car,977.8936842024399,6,1678.0659805818023
11,Electronics,215.41460704306695,22,368.5930122400479
12,Art,971.9285585115293,10,2384.0458353236186
13,Art,562.0837079627745,5,1316.7175422366145
14,Fashion,294.99284683584494,3,787.7549463827819
15,Electronics,759.9699716718856,2,2001.500351058963
16,Art,179.30731559834388,16,356.47597696964345
17,Art,932.332632301717,17,2017.214564814998
18,Fashion,366.6010813655399,12,569.8614523673502
19,Car,101.71801041957475,2,247.68727711294648
20,Electronics,666.1761122379307,2,1335.162908439644
21,Electronics,354.2599942679993,14,1012.3633165266242
22,Electronics,386.1479257058472,2,656.2103637905593
23,Art,14.409728218733182,14,37.18852274404804
24,Art,486.1963949191735,23,829.310850736402
25,Fashion,666.9885145991271,5,1717.4546679850844
26,Art,313.73606479756853,12,780.9080350555748
27,Fashion,901.1192279581859,15,2102.6217395516896
28,Fashion,242.00100180626842,11,629.4862417077978
29,Fashion,217.2992349357513,11,588.6929046069341
30,Art,726.8304514539611,12,1297.6354739494557
31,Electronics,388.51394239897854,15,588.9375015552835
32,Art,148.46058501203902,16,345.70377639928375
33,Fashion,965.9804787517825,13,2556.8666672887566
34,Art,987.2165736550741,11,1499.32838179998
35,Car,441.2245032325894,17,1094.0935345325797
36,Fashion,812.2596406233072,14,2182.164775462717
37,Car,217.37790837864347,13,461.74292991845914
38,Art,889.1914614507502,19,1461.3187271636596
39,Car,754.6327262170107,2,1564.9477972483517
40,Art,932.9656329154544,8,2551.784268216109
41,Art,869.3779513446848,11,2108.610347218489
42,Art,340.3882544731206,16,930.4955775457012
43,Art,167.99965631024583,12,387.00833221201043
44,Car,200.15884647753703,7,474.59420762660017
45,Art,281.07215509407513,15,528.8783472610642
46,Art,175.87302475961317,22,281.1250827489442
47,Car,397.9531610567756,16,681.7958919299288
48,Car,213.64327751322574,3,541.197321911573
49,Fashion,538.3759198199817,18,1384.8093363981516
50,Electronics,413.9606208571921,22,1130.4327289911328
51,Art,610.6268257427316,6,1170.2097191397243
52,Fashion,324.2883292671067,12,938.1078333482998
53,Electronics,310.1007391095357,3,930.1722779757661
54,Electronics,517.0612913779464,18,1185.9859814412762
55,Car,169.53679631490058,21,419.6388583282995
56,Art,73.66661432017449,10,207.43353646285667
57,Fashion,779.2641898516739,1,1411.9501885121992
58,Electronics,100.82627524011778,20,268.4924863645288
59,Art,74.06114344120965,22,215.5028742668692
60,Electronics,609.002212961967,11,1397.3687098071518
61,Art,538.8858010558588,16,1550.415265171443
62,Fashion,415.3137688628561,20,1116.9130474195372
63,Electronics,968.3701415497769,10,2493.5732119402774
64,Fashion,232.38332562153593,3,442.0163043853573
65,Car,894.5286253635318,13,2643.9236209465926
66,Car,846.6032068750416,1,1839.1323165130227
67,Car,997.4737198812202,6,2077.0851114948277
68,Car,270.6404488475156,6,511.1466502011315
69,Car,718.1221887884955,1,1639.0047708642508
70,Art,617.0076939884271,15,1334.9994153737039
71,Electronics,810.2902528100994,5,1532.9527434763131
72,Fashion,584.9072863345575,16,1046.7424894042476
73,Electronics,263.206140704791,19,557.534670104304
74,Fashion,537.3641837662249,10,1451.069733943793
75,Car,963.211065958334,13,1979.2000928738285
76,Car,173.07224980179134,3,508.3378599393271
77,Fashion,81.00462911847373,4,133.01315088030535
78,Electronics,116.09898162640305,4,201.4044482062808
79,Art,589.27451403975,2,1611.6994412735432
80,Fashion,31.958124397940725,18,87.667251522772
81,Fashion,789.4117026241163,4,1583.7279970510756
82,Electronics,723.18700121742,6,1488.095064489137
83,Electronics,592.477031080895,16,1105.983311987751
84,Fashion,820.9507579124693,11,1370.677179104729
85,Electronics,228.20910648835425,9,568.4565018573215
86,Electronics,200.2998109982147,4,521.9541280160706
87,Art,154.50681672533347,2,410.1733444880074
88,Car,304.0140812775165,1,515.9059212103009
89,Car,828.9683777512405,4,2437.7482083110167
90,Car,864.6276455024299,20,2278.925961880782
91,Fashion,807.2493509616963,16,2187.8634668195186
92,Car,345.1484265934228,20,810.0990609500248
93,Art,948.7015471687137,21,1607.3481888066729
94,Fashion,589.223567377331,6,1207.1917043349883
95,Art,331.2369277681953,8,528.2015509659705
96,Car,202.03348134786248,21,555.0896321284273
97,Electronics,157.4771918494345,14,263.4045414566136
98,Art,854.0001583733626,14,1318.9870811050857
99,Fashion,316.25852357592754,22,812.6468792999397
100,Art,137.96195168403978,8,250.3747101477324
101,Art,317.9841881937792,9,643.159008445501
102,Art,435.7756656402009,18,794.5963897261225
103,Art,324.51844680452615,12,852.7918855640265
104,Fashion,719.4497707482709,22,1151.103886737402
105,Car,366.8526903699722,11,844.3909065821887
106,Art,437.0225049237182,17,959.8554825504906
107,Car,378.08672979575806,23,962.1865465671641
108,Electronics,681.7875271876424,6,1455.1710397483994
109,Car,85.55234854129804,7,243.93811031346533
110,Electronics,526.4976030137193,10,950.8945474083519
111,Car,597.0503732343857,9,1270.301979947833
112,Art,439.51621764533866,12,799.875437019175
113,Fashion,735.2731806539035,11,1945.237677731589
114,Fashion,776.7204882185044,19,1258.1110744684247
115,Car,572.4678643875292,5,1247.4633519216284
116,Car,677.5744039911405,18,1462.1418407553942
117,Car,722.148819235569,14,1250.697308303775
118,Car,589.7518312319455,3,1017.8232799738005
119,Fashion,470.4132136688961,6,789.6966082656566
120,Electronics,784.8882337488787,17,1866.0504616987946
121,Car,959.3257530568318,12,1990.3931828907555
122,Car,58.08182954044051,18,161.16981363346156
123,Car,93.38999462268734,18,238.70794513970316
124,Electronics,57.18120478683287,9,88.76526383513531
125,Art,120.51115869516084,5,257.28606606896886
126,Fashion,252.4519581321911,1,503.65302901634914
127,Car,566.0793434455771,19,1069.580908667819
128,Fashion,53.23372298691477,17,157.63047228466084
129,Car,686.2747613904951,14,1093.466916985631
130,Fashion,706.9540040133837,23,1217.240948928383
131,Fashion,932.0487027728647,4,2221.354424331768
132,Electronics,34.371042558052,20,76.54256319439871
133,Art,600.931408193177,13,1566.748027068043
134,Car,679.9774911027323,20,1751.6721669900267
135,Car,207.80773861046637,22,516.5891185133664
136,Electronics,374.71832224665434,4,957.423933017062
137,Car,387.21970133907973,18,747.8311335410552
138,Fashion,396.5247825687045,23,1113.1048902689308
139,Electronics,923.8367084011808,14,2531.604150253305
140,Car,820.0827730200707,1,1416.6665138968049
141,Fashion,233.62257122473196,14,479.178840009411
142,Art,813.6901647882171,1,1246.46748216306
143,Art,382.1732630319116,8,589.2961776432543
144,Car,71.54735052743638,18,180.38623074781881
145,Fashion,656.2989655526869,13,1408.3725616563565
146,Electronics,278.60422821550156,5,691.4933181420877
147,Electronics,854.8731698951029,10,2212.5005037895016
148,Art,950.5737807959855,10,2171.4902363437377
149,Art,690.7310856515797,8,1142.7231536673191
150,Art,365.9249311004803,8,697.1316435784282
151,Electronics,328.89836858712493,5,830.5578787762219
152,Electronics,595.8216052319281,12,1097.8895140311615
153,Car,779.6380751166312,14,1249.8530897980907
154,Fashion,751.52938707895,22,2176.6421429158977
155,Car,316.76833404092235,4,753.1411355861906
156,Art,916.3044539255619,10,1706.0984047050904
157,Car,141.6022159256859,16,219.36462939634853
158,Art,166.03511444097185,6,460.6309445223533
159,Electronics,452.75490855689304,20,1103.5892303635271
160,Car,621.9117208214734,1,1368.5345166819525
161,Fashion,547.7118444508542,6,1302.4733612769403
162,Electronics,210.11002367790053,3,524.8308543049984
163,Fashion,70.28533359242998,14,157.22733332497663
164,Car,238.2955120229176,19,414.63118310404735
165,Art,246.18797437412996,2,623.403308007116
166,Electronics,742.3203912692277,2,1204.5802411817208
167,Electronics,563.1772888539001,13,1410.445540114687
168,Electronics,472.5399962182987,17,1234.3062002929485
169,Art,810.0301340365492,1,1508.3280285505875
170,Electronics,21.455111058786443,18,59.79868948575747
171,Electronics,213.27069876601647,17,622.1653537689699
172,Fashion,617.5364003490808,22,1038.9915290999259
173,Car,724.7184870316586,13,1432.9294079491883
174,Electronics,374.49759185946095,17,685.7971647777197
175,Fashion,478.0323265825697,11,755.015122053559
176,Art,850.3752376944132,3,1743.9137751460867
177,Electronics,180.73352974560385,3,444.9402903451756
178,Car,272.96824279523116,8,715.1231279187488
179,Car,95.24809136414412,14,153.6261287306839
180,Electronics,611.6120519816907,23,1287.1879933292817
181,Fashion,145.6238646322029,19,306.3743435881148
182,Electronics,697.5783690239801,6,2043.4166821262045
183,Fashion,426.299579814288,15,748.6337309372042
184,Car,307.77003267474487,1,700.2814908550204
185,Fashion,245.25122709142804,17,420.622601607148
186,Art,661.6332088291125,3,1176.3576152201051
187,Art,436.0149310646467,1,691.4127251357768
188,Art,439.29374518561696,6,726.6457843292541
189,Car,122.90790734661346,14,296.8640181987778
190,Electronics,822.5722729738557,22,2005.9907028845832
191,Electronics,931.1864034883267,5,1672.6937326126663
192,Car,900.7264227634076,22,1702.9140345168103
193,Electronics,744.5437797031828,23,1615.3207821738597
194,Fashion,145.37259302517955,19,289.61238343197624
195,Car,102.15703576688132,21,272.31410409696645
196,Car,840.5283104735306,1,1468.0892622741314
197,Fashion,785.1343430058229,16,1231.8449288096638
198,Electronics,632.5582111170484,1,996.5041073718868
199,Art,680.371742309121,1,1377.4718089331593
200,Electronics,679.1107107561322,10,1049.463121289161
201,Art,778.7618997270627,6,2004.8835882420528
202,Art,451.8296016676082,11,1114.7747316154453
203,Fashion,139.82470542640127,22,286.3676446308737
204,Electronics,709.6091998592168,20,1930.706840859327
205,Electronics,934.3409255435769,17,2708.2814879592624
206,Electronics,884.3079660583426,1,1511.7032102798892
207,Fashion,132.2998883721658,16,277.351788974756
208,Electronics,60.14051961053299,12,111.4894577441163
209,Car,178.07243950446696,5,530.4398901746436
210,Art,152.8524846220838,17,327.37587257784116
211,Electronics,824.0473097543244,3,1772.4381189205906
212,Car,347.3515096152756,19,841.9146476240289
213,Electronics,274.459672852987,15,697.1739713272827
214,Art,995.6814652472221,23,2475.0269719226635
215,Car,412.56966199790867,17,1118.974210542303
216,Electronics,960.5331626248221,14,1570.0943847657204
217,Fashion,985.6636853482324,1,1535.3916991777855
218,Electronics,842.0546450269355,10,1552.315884353579
219,Art,846.1753119730016,20,1370.5775349230405
220,Art,323.44111750085676,16,661.8002974024841
221,Electronics,570.8386097971996,15,1377.9579433897447
222,Fashion,772.0636333124046,1,1915.8324615933193
223,Electronics,736.2397648347057,5,2076.807501872353
224,Car,102.11020066982255,16,269.87985945724876
225,Fashion,574.2341732056373,7,1556.873924473948
226,Fashion,418.13368881827813,9,1248.58311896898
227,Car,113.99755356648369,11,310.315777629814
228,Fashion,133.91266438533665,16,202.95062792644518
229,Fashion,701.3082219711029,17,1431.3403662556698
230,Art,891.4357214637323,17,2331.8507729696757
231,Art,799.7865571210864,19,1781.9081160608298
232,Art,189.20405684095294,8,343.8718636658304
233,Fashion,795.3823968632571,15,1392.5558629769657
234,Electronics,16.534329612897444,16,36.24689916548373
235,Electronics,674.219728417054,1,1754.8595474014849
236,Art,718.4787089389948,11,1332.3550858839956
237,Fashion,38.03405690111644,18,108.66865887716529
238,Electronics,954.2294569941192,21,2756.3370283229283
239,Electronics,987.2437429704105,12,2800.074485368997
240,Fashion,358.8327974311039,18,1031.3093418383312
241,Electronics,594.6418729281104,3,1635.3007673443249
242,Art,789.396058089648,6,1395.4000558290252
243,Electronics,866.6203330753715,22,1978.6544621898313
244,Electronics,768.0963879165515,1,2055.6826136065188
245,Art,588.7937071548313,3,1489.6692416154515
246,Fashion,389.5701214984877,21,1116.9389483849686
247,Fashion,400.9098676599549,9,765.0682287153815
248,Electronics,972.7997970616478,5,1542.0207512655197
249,Car,971.122319210095,13,2476.6948575921347
250,Fashion,241.76564425801578,22,582.4130736793535
251,Car,113.44231383777768,13,180.54555549392717
252,Art,161.36221482779732,22,315.5486582941073
253,Car,432.6224971753448,4,1054.949694838578
254,Art,734.4084030640356,5,1469.2747727191258
255,Car,285.889127470473,1,484.7553044524686
256,Car,496.3268876575817,21,1124.1955456995938
257,Car,963.0021031584297,4,2756.690817373453
258,Electronics,803.2586003623801,21,1896.0166585384904
259,Fashion,159.5238349937163,23,443.52151955079876
260,Fashion,554.098674717517,18,1236.8093374495838
261,Art,713.1327929703417,22,2106.08701879941
262,Fashion,989.3363166002715,21,2251.1460841514468
263,Electronics,876.0562550694998,11,1559.8715785915674
264,Car,100.35800268532498,5,182.252665803707
265,Electronics,308.0031815657374,15,479.5354045869965
266,Car,104.16216029436708,1,213.38282743561643
267,Art,357.98889032123145,3,801.8844702228289
268,Car,891.6772876099151,23,2140.5946534020554
269,Art,428.3873269120408,20,797.664444649471
270,Electronics,849.8295320061181,19,2528.1526333381503
271,Car,575.0959348948562,8,1216.6641214898375
272,Art,303.5012876807482,10,637.1413570680618
273,Art,921.5035061182701,22,2251.9137889067606
274,Fashion,813.4833559614086,13,1762.0793471891106
275,Art,223.86189875781452,4,635.912962178077
276,Car,985.7377174582667,11,2124.982382452359
277,Art,697.0408672098523,22,1776.9177982512783
278,Electronics,833.1070422235381,13,1315.9502643211865
279,Fashion,830.7754952153902,6,1559.5564905040915
280,Fashion,757.8650197908185,5,1663.2002271115982
281,Car,215.21865008075773,8,497.29957261536407
282,Car,590.5979188265362,23,904.8531101219787
283,Electronics,860.0415636862309,1,1389.0013263581984
284,Car,808.8503139296047,8,1397.235708957907
285,Electronics,763.6977303689882,13,1246.8960128087133
286,Art,664.5117056056629,3,1572.9551368513075
287,Fashion,437.2049401761988,16,1046.6147876836026
288,Car,377.07181158403006,5,909.0903567996191
289,Art,144.6392066246952,12,265.1783920783097
290,Art,79.81232914065721,12,204.86274235664624
291,Electronics,100.97288471948772,20,223.928735403957
292,Car,776.7542253306542,20,1578.102175285173
293,Fashion,235.77250468386276,22,393.1961473972335
294,Art,108.50230311130639,19,318.860806743525
295,Car,240.81228632188544,7,522.2535124131465
296,Art,843.8038873084816,20,1411.5794912062943
297,Art,927.635166951297,18,1505.137853079319
298,Car,830.7080550806061,1,2181.3580991525237
299,Electronics,306.50886770938905,16,838.111654263563
300,Electronics,658.4984325379493,10,1629.7562230749022
301,Electronics,982.0274250820113,15,1894.9642943884212
302,Fashion,819.3049096948271,13,1271.6432596685117
303,Fashion,314.5336646002205,3,606.9239879672225
304,Car,652.9225150708721,3,1671.118588755939
305,Fashion,765.5684492887254,13,1399.8506262893313
306,Art,498.89092863514225,3,824.6924453405567
307,Fashion,545.0409726303353,12,861.4200272823637
308,Electronics,179.35525910573375,17,533.1475525232909
309,Art,163.15067411365092,14,311.68787054408665
310,Electronics,562.2578038521856,16,1034.3252529323508
311,Car,649.4856411763255,7,994.5007013800235
312,Car,49.23575573551241,20,122.6446833454004
313,Car,708.30713437296,22,1196.1516671344777
314,Car,509.58252317503513,6,1122.2211844875933
315,Electronics,762.9070834414613,7,1395.8987550031725
316,Car,855.7530297842331,9,1304.812269104871
317,Fashion,83.31912057693285,16,235.99557340183568
318,Car,554.6324567784516,18,1240.9627928721604
319,Fashion,233.0585069861634,13,448.7227753670049
320,Art,278.4594551305487,17,670.8960821164324
321,Fashion,612.1526760265418,21,1488.8017403432543
322,Car,741.3061066489115,13,1667.21226640234
323,Car,174.9488304464776,23,376.318676033078
324,Electronics,619.2324091708638,6,1339.0443216505453
325,Car,907.6636878946412,1,2389.4981002892373
326,Art,697.528293766657,20,1745.963450190042
327,Car,339.5426626490294,7,510.5586349999056
328,Fashion,773.7851921101707,23,1680.4879228475331
329,Car,190.67028219030556,8,502.81834023082104
330,Car,962.3758406938796,9,1786.3988473537822
331,Electronics,296.81716494213737,4,889.4783257479969
332,Fashion,47.423020275391394,3,127.70322070351337
333,Fashion,490.0269976323638,4,1032.7119363599552
334,Fashion,703.1981645923381,13,1573.702393089278
335,Art,351.6835867870371,22,1026.2151926944796
336,Fashion,165.56568686650718,3,410.6171315081698
337,Electronics,939.8625825288902,4,2765.162248552545
338,Car,671.1334475654398,22,1433.8532672503998
339,Electronics,219.5269874840438,9,603.5187860205446
340,Car,45.24138777214506,6,95.98944517801631
341,Fashion,667.3606290546588,18,1290.2492680924058
342,Electronics,137.93734399400176,7,339.5941277043095
343,Car,222.92016736101405,2,493.2302701627848
344,Car,931.9047497422047,9,2171.8238156059288
345,Fashion,594.8949268709139,1,1270.905581495956
346,Electronics,340.8392970596124,21,811.6217772058973
347,Car,102.73067047260362,23,253.00602091256567
348,Car,897.078471189732,4,1512.593324708267
349,Car,660.874621510194,13,1916.6070272808684
350,Art,746.0041027357144,16,1734.9202663422157
351,Art,821.7946314413346,1,1263.7384587593363
352,Fashion,494.54513240578535,19,859.9097450979957
353,Car,609.9935534182414,10,1104.1675261208666
354,Car,766.8382686061162,3,1239.2213117045133
355,Car,448.6779164071667,4,1029.4128578081104
356,Car,37.81211453959219,2,94.08410708072581
357,Art,156.11433626930972,20,380.57035313941157
358,Art,801.3664437892597,18,2121.6615091949484
359,Fashion,195.38150874992476,22,350.82243112385356
360,Car,558.232833706375,12,1396.060878476276
361,Electronics,71.6161814225122,23,153.06960118391493
362,Car,776.0569208365592,16,1588.2182532610916
363,Electronics,398.2591820687871,23,723.0625087701908
364,Fashion,146.6144714135445,13,341.05259961330313
365,Electronics,395.6475241676093,8,916.1448775304116
366,Electronics,58.85022043036764,9,159.23332311453515
367,Fashion,821.8286203276343,1,1767.6569817431528
368,Art,726.9662031188636,21,1217.53873859523
369,Fashion,870.9098371220082,18,1375.313723375447
370,Art,59.312529021043005,18,152.65492751498923
371,Fashion,741.9839657324269,17,1922.955175747601
372,Art,979.0158937544013,4,1496.5700507487463
373,Art,680.0525921226808,10,1292.303103984387
374,Car,228.9718341628201,3,479.7158911742576
375,Electronics,794.1681523304333,12,2374.79143273144
376,Fashion,265.1298672060236,22,764.3688043335405
377,Art,285.6002032593817,11,714.6853446603112
378,Car,153.59834434899082,5,233.7033676120285
379,Car,810.78332720296,8,1687.904939094184
380,Art,500.2071069630124,23,1498.0929659382489
381,Fashion,348.47409083609347,5,779.4476594496927
382,Art,409.2529270100342,1,1191.2041641823282
383,Fashion,667.0651727655384,9,1296.7698407794473
384,Art,408.18601885443945,16,887.5162995946971
385,Fashion,441.553564366039,6,737.6941142912692
386,Fashion,301.50388068326555,13,814.1118829460709
387,Fashion,407.51309124381277,11,845.1615231475172
388,Fashion,733.1460386637328,13,2113.772983212673
389,Fashion,671.6379434212071,15,1325.6432058025432
390,Fashion,506.4338441389305,3,1341.6368050608016
391,Art,584.736191503298,10,1286.9825058401386
392,Fashion,131.25418563280118,8,311.4042402635292
393,Art,552.0141290652584,15,872.830727008489
394,Electronics,324.3263794455616,3,691.5248351551843
395,Art,234.24411566527047,9,358.0372714295143
396,Art,746.8564119250444,8,1316.0388248703591
397,Fashion,636.5449588921404,1,1256.0726429398426
398,Art,321.45253077862554,22,861.3992456060186
399,Art,890.3355021308238,21,2338.631691965839
400,Electronics,843.0216909496866,23,1600.6612454328638
401,Art,538.20665180891,22,1560.960626359863
402,Electronics,522.2070239802342,6,1437.1106746806613
403,Fashion,685.3869264565242,19,1674.356582299231
404,Car,638.3216709496777,22,1013.5667561934494
405,Electronics,654.9435764536913,5,1798.2519576743225
406,Art,220.05042197707672,17,353.40285193700987
407,Art,793.314386157133,19,1985.873553827139
408,Electronics,947.9901685393377,22,1480.559661285254
409,Electronics,948.8677290606981,8,1924.0115357905602
410,Fashion,636.1924041022331,16,1572.1625552243693
411,Car,314.71616998549564,17,591.6612543559427
412,Art,974.2328036633869,19,2063.771150362016
413,Electronics,613.7405074962219,17,1214.186248038391
414,Electronics,573.0156147401725,20,1415.0946806305167
415,Electronics,87.84338401602413,21,191.84511778893497
416,Art,144.88232173033538,19,345.6359157683303
417,Electronics,215.57572715273452,8,505.06514040818166
418,Fashion,927.1032360751337,5,1969.7351032346114
419,Fashion,709.1763732893319,21,1437.9890087617441
420,Car,844.4219204830506,9,1647.3207128061988
421,Electronics,973.840154612072,11,1801.5270269275347
422,Fashion,815.3524739295297,20,1728.137339221961
423,Car,474.3404902175997,22,1054.0296894116188
424,Art,275.63775326535773,13,619.7693706906255
425,Electronics,305.4361564518382,22,772.0046450493281
426,Art,300.87696108888713,1,619.6040665254892
427,Fashion,527.730971706515,19,1567.138286048379
428,Car,273.6137230132564,7,711.5178522587009
429,Fashion,160.57946380658922,3,270.1060206507057
430,Fashion,383.26523310156546,3,789.342982471805
431,Art,973.7144976339829,7,2106.5772902767762
432,Fashion,970.2282524326409,14,2360.6750696735094
433,Electronics,548.7933631048396,19,863.2018821383689
434,Car,296.01546310123604,1,667.5928046993745
435,Art,906.7303543433534,7,2209.416469770375
436,Electronics,710.4527339730449,3,1524.839676457076
437,Fashion,90.49169696911208,3,270.70969347553205
438,Car,759.8104669708687,8,1293.3154843823504
439,Car,492.8921514085472,16,1268.1185967021179
440,Fashion,232.41147713508155,19,429.3573821519558
441,Car,466.9171498863807,14,1233.478921047525
442,Electronics,295.6846686983763,5,553.5115786903833
443,Electronics,96.90751723132524,7,146.35311814240274
444,Fashion,407.41914132033816,9,899.0254684298778
445,Fashion,746.670645298459,5,1588.1351998151101
446,Electronics,281.34527857383114,22,730.168477828557
447,Art,213.81828719545985,14,491.84745383681826
448,Fashion,682.7781323233617,4,1810.118905358943
449,Fashion,457.9570840355781,7,1054.9461155897054
450,Electronics,361.45736613006994,6,885.8744741333446
451,Electronics,755.2933159379277,6,2168.920437910519
452,Electronics,821.2779252417688,11,1978.594957747763
453,Electronics,990.386632973952,10,2047.517637432372
454,Art,412.35387932066715,11,689.2898833268542
455,Electronics,85.14218391001248,19,133.38960464031112
456,Car,35.0970478324852,19,103.23724174256
457,Art,70.25676008462764,1,160.09997414103233
458,Fashion,740.9802186468423,17,1890.8136626327407
459,Fashion,279.93005673943054,2,712.431129382495
460,Electronics,659.6673248086165,20,1901.8679027015235
461,Fashion,567.5948971250249,13,1582.8175024444492
462,Art,419.3586116488656,8,860.7221417914237
463,Fashion,53.629384517341535,2,93.76003362344362
464,Fashion,112.36268807917044,23,217.37113229848077
465,Art,589.8987385465118,10,1510.9246106737173
466,Art,426.860461902289,18,1199.8923363352592
467,Fashion,63.140639608061655,10,156.09619573105843
468,Art,795.7841400550523,6,1431.5542483116687
469,Car,905.2074386561258,5,1515.9226605968383
470,Electronics,616.9231268913345,1,1209.8649546556974
471,Car,380.28323699245357,17,772.6837423877565
472,Art,686.5680915834396,17,2035.6208936377514
473,Car,61.34510779042357,16,127.97659448415246
474,Car,950.7368056572107,22,2421.131381970868
475,Fashion,71.91292024622518,23,151.49984079493427
476,Art,768.9118896066146,5,1309.8963151908968
477,Fashion,43.57470366113569,13,127.44882176266307
478,Fashion,466.1934055409433,15,917.7061113827718
479,Fashion,123.05395632879255,20,264.2262972026323
480,Electronics,605.6840047035731,1,1567.6972452828243
481,Electronics,676.2136626284661,22,1570.2473720976207
482,Car,602.9118858212361,15,952.08810479923
483,Car,888.1727592620755,14,2487.3939279946603
484,Car,290.9666828154048,5,550.8973961544368
485,Car,466.05472040832757,17,1244.9539640318892
486,Car,851.2496456964194,16,2416.8503035637814
487,Electronics,173.46371873342096,15,285.99850677575336
488,Art,301.0972402372461,18,646.2440833121805
489,Electronics,644.7677485968469,10,1648.478849141471
490,Art,418.34272640674277,21,950.0288901778092
491,Electronics,948.1769641281845,9,2731.3715212688153
492,Car,771.7240161042081,6,1844.865063134206
493,Electronics,782.9134616898315,14,2201.247733289069
494,Fashion,384.5557489897025,9,1097.5977083549303
495,Fashion,44.66219953213334,9,116.06935304098124
496,Fashion,353.56820751186444,12,665.9437257906759
497,Electronics,683.54359559419,8,1430.7964753439326
498,Art,921.0916386363442,20,2599.6982274022857
499,Fashion,722.411602197984,8,2002.7366963092518
500,Art,395.44932276839677,15,1133.5979568621615
501,Fashion,602.2347542447018,9,1322.3208536394034
502,Art,189.3287535259972,13,444.8965582258061
503,Fashion,623.0631769395255,6,1622.7854778844462
504,Fashion,381.40270227317274,11,624.5090462057391
505,Electronics,795.2389525130254,4,2381.0990202606695
506,Car,937.9790453366223,10,2781.2931710975495
507,Art,543.4510038851433,5,1177.489664519843
508,Car,301.2615265430785,17,706.5748821846305
509,Art,465.40568492900076,15,1266.4982219260517
510,Car,687.9132542660212,4,1257.887559863172
511,Fashion,890.0511732212954,8,2607.715162903812
512,Art,999.1923674508956,8,2656.5306414507136
513,Car,426.95440613878554,6,1099.8159045962595
514,Art,604.3763664924693,2,1079.8217365290495
515,Art,736.7716218309478,16,1303.818342988395
516,Electronics,79.53015149771541,16,147.79818960949308
517,Car,53.68170082549982,19,90.56341329692356
518,Car,842.3107896364154,4,1410.5405913817438
519,Art,328.73841157160695,10,536.8226281414292
520,Electronics,328.2130707804518,13,634.8413925101617
521,Art,442.2239836567437,6,719.6496220107456
522,Art,610.4315781376065,20,1630.5791422794514
523,Fashion,982.4522974266845,23,2572.925518122741
524,Fashion,75.2939016577161,3,207.44400960051536
525,Art,865.9475151723564,21,2477.6449188815895
526,Electronics,523.1697981707625,3,1343.3513172149528
527,Electronics,263.5670152434015,11,656.727279441423
528,Car,769.7719820501308,22,1503.5310102338851
529,Fashion,875.0202318480867,23,1964.765786647478
530,Electronics,628.806673581543,18,1563.7287602177666
531,Electronics,500.60667820016056,1,1316.7003218080408
532,Fashion,334.71413322275686,23,995.2462386301298
533,Car,46.442703577556934,17,84.78793936942701
534,Art,61.011692010937836,1,175.0324739001992
535,Car,778.7736668525574,1,2158.580073260294
536,Art,450.38825137396094,4,885.5066926584814
537,Fashion,850.3763392026048,23,2050.06529277794
538,Car,805.8976446212711,17,2106.7585163224644
539,Car,644.990168280559,19,1845.7309918058022
540,Electronics,946.64782196365,1,2508.661804389408
541,Art,120.08137248975626,13,247.93298868701027
542,Electronics,216.4884428486091,23,403.3862578725376
543,Car,590.6741045953776,4,1771.8401793382106
544,Electronics,876.1054562968486,2,2059.930449190377
545,Car,167.91936337078187,19,420.4249707646569
546,Art,21.90721022260336,22,56.222868782797114
547,Art,896.7161933888686,6,1828.249110748274
548,Electronics,426.0436943289864,9,1204.6485133906876
549,Art,261.5351019734203,20,506.58809593089364
550,Fashion,348.4378743595411,20,752.4687750724028
551,Electronics,511.9734601602291,15,839.2335350559799
552,Car,481.1847157165106,6,1023.2046264288077
553,Electronics,895.6046359497235,19,1458.7516258304206
554,Electronics,254.0478354253191,12,400.0343751174186
555,Electronics,176.3497434444038,22,451.45875532221334
556,Car,616.9274248948742,12,1038.0721333033762
557,Car,898.0836320803822,17,2473.2422866993325
558,Electronics,71.85518576162474,3,136.43323586723864
559,Electronics,905.156244150864,21,1960.8503545251074
560,Electronics,431.51234712868956,5,1041.4644487922399
561,Car,961.7214616009147,13,1740.7091783415835
562,Art,910.4187215280327,23,2621.046980048056
563,Art,877.672562999804,23,1772.4228445534734
564,Car,625.3773484190436,11,1796.866929426182
565,Fashion,201.30001586261054,17,490.7529902303425
566,Fashion,325.70286948776993,20,720.4584707362907
567,Fashion,711.4242193558222,16,1634.2200811220089
568,Fashion,631.2301875370118,18,1211.863023808686
569,Electronics,228.8702745566069,19,413.8066024191157
570,Electronics,511.65795493488065,21,939.736616210793
571,Car,605.3357195211744,19,1674.753212287928
572,Electronics,380.81561565914205,11,1038.0984707178911
573,Art,470.06864883952073,6,733.3373506389056
574,Electronics,82.52188832868025,6,140.16613453975154
575,Electronics,718.7544691084561,20,1554.2845891281456
576,Fashion,315.21665402047967,4,530.8114699577492
577,Car,782.2054477069995,21,1951.5075834176916
578,Electronics,612.5180270989938,11,1125.3833172053262
579,Fashion,623.7077714724162,13,1491.966956656361
580,Electronics,351.4199248714509,1,1051.390842511872
581,Art,120.67227431382956,12,302.6048838619576
582,Electronics,855.0206496547833,14,1769.1773861648255
583,Car,880.1204301626414,13,2567.2874125774497
584,Art,956.4828263134507,8,1810.4139011471332
585,Car,186.8820131183952,2,379.7796151525446
586,Electronics,287.5115993249255,5,462.00766423100595
587,Car,714.0794624262402,5,2109.650169967433
588,Art,913.0951701762979,23,1698.705501474612
589,Fashion,438.9722657197248,2,757.1093707609625
590,Fashion,298.5288334417979,14,813.0427377912199
591,Electronics,294.5090746055495,23,536.0961635038437
592,Art,425.8966595026751,6,782.824272459948
593,Electronics,785.5554132180757,11,1521.701535546984
594,Art,197.85364314994746,3,377.79979046266305
595,Fashion,462.97256207408185,23,802.0292031571876
596,Fashion,12.607989464322559,6,30.856538032354994
597,Car,588.8673643479722,22,1629.4608344935275
598,Electronics,618.6315340911585,7,1569.770489753465
599,Electronics,974.0198657480493,11,1926.8933576874897
600,Art,897.0960804808203,20,2238.5772345381147
601,Electronics,621.3115431634272,21,1490.0392998810196
602,Art,356.77464549126637,3,792.3182528501568
603,Fashion,969.9305825433825,9,2339.3815610147344
604,Fashion,900.2834719176268,19,2056.4478079161577
605,Electronics,850.0804191780594,13,2307.3491913473817
606,Fashion,676.3780784230936,15,1940.7951105668585
607,Car,539.9560541419971,11,1261.3199996365715
608,Electronics,970.8405412034843,7,2620.157833996031
609,Car,386.66890377182693,10,798.959951816289
610,Car,270.66011753227957,22,682.625331473508
611,Electronics,601.3187371544594,6,1110.6468835290136
612,Fashion,95.61918687111438,15,268.38581229852787
613,Electronics,758.4187652465065,19,2183.959968237429
614,Car,620.2132180118494,4,1368.9269412947212
615,Car,368.6901038404395,18,1067.5118451856235
616,Car,602.7202126431174,10,1167.6406383516469
617,Fashion,109.19054716486922,11,270.6434684187033
618,Art,994.1954530573163,2,1741.660231501404
619,Fashion,953.9620655629788,2,2675.6285743999447
620,Car,799.2044422654471,8,1504.0980524001634
621,Art,617.0131821696338,23,1833.218934600369
622,Electronics,545.2044069465783,22,1518.8781671985907
623,Electronics,959.1383698611173,13,1907.2621033036876
624,Fashion,216.5038253877059,17,518.6161748103589
625,Art,810.256067189142,5,1373.201192284706
626,Art,821.4901721668086,13,2167.0781550188353
627,Fashion,964.5716094870568,4,1688.2218329655727
628,Art,550.8433629228646,20,1575.4568662229426
629,Electronics,582.33837204372,11,879.2101611727055
630,Electronics,33.95563691541271,22,95.34420028535894
631,Car,438.89424727529314,11,1220.1326988636813
632,Car,308.2215315184407,5,589.6777227030354
633,Car,558.9733035073856,20,1526.5771315271643
634,Art,420.7929798619385,3,763.2853272139265
635,Electronics,216.40041422929045,1,404.7855173667892
636,Art,568.555749071524,6,1308.3674074607304
637,Art,149.75785090485653,6,342.7032906103255
638,Art,295.7756803346895,17,486.23657591607156
639,Car,124.59374709857329,3,347.59544847726517
640,Electronics,965.5474990186004,5,2142.01757990696
641,Car,253.73238261555483,8,407.66271570651486
642,Car,837.2389818281918,4,1726.0401209920387
643,Art,962.6083053768025,22,2494.921277341906
644,Art,809.8525081460815,23,2249.400624847222
645,Car,386.6780568143821,23,856.3851361743086
646,Art,359.46860635473354,13,698.5123898456758
647,Car,939.9349865313186,7,2000.6831354208869
648,Car,822.5109206238652,3,2427.7656481826375
649,Art,473.11011981385917,11,949.3076889161259
650,Art,390.3167832855859,11,1077.778070597827
651,Car,846.1195179142284,1,1872.1060279760234
652,Fashion,61.024207634430105,22,175.89930118456138
653,Car,380.8170311891267,15,798.4726109474976
654,Electronics,592.798946672422,4,1337.6880252345577
655,Fashion,684.9099726103609,8,1531.5210112322734
656,Art,786.7273462449226,13,1300.3195184541848
657,Electronics,762.4232651773245,2,1881.7943107833148
658,Electronics,25.359563109794067,2,47.03807098902808
659,Electronics,917.0302338301387,13,1716.9782990173749
660,Electronics,574.9817585168114,14,907.9844853783961
661,Electronics,686.9791963369471,10,1969.4172177760497
662,Fashion,696.0403164977034,21,1321.1183805462595
663,Art,997.7957733305379,21,2500.0625803235466
664,Fashion,856.1865326323308,14,1670.9550225110543
665,Fashion,237.12350478942687,19,463.7692710261779
666,Fashion,311.357010868499,23,816.0311406943174
667,Art,802.0689476309302,21,1295.6825352707972
668,Electronics,526.9321844873645,18,1034.4752985410883
669,Fashion,696.2040896203386,20,1789.037084428747
670,Fashion,300.34417898183546,16,869.5754886481234
671,Electronics,759.6277288091406,8,1147.8638103032622
672,Car,495.5847256159366,22,880.707529453472
673,Electronics,999.2665055249212,22,1930.1430542824257
674,Fashion,549.478381597506,15,1206.4009336021252
675,Car,229.39716760659368,8,378.0580705448889
676,Fashion,108.2591392525159,1,248.72798474867568
677,Fashion,617.8719287518827,2,1816.7759539062863
678,Art,927.4708230490434,2,2682.156252944823
679,Art,800.7984672502224,16,1902.0006245663062
680,Car,160.1521192838499,1,314.63348731170726
681,Car,463.84552967603634,9,1072.4123232530667
682,Art,291.3376525540836,16,849.0974294284559
683,Electronics,557.446479648056,5,1419.9075175983703
684,Electronics,911.9135453669276,23,2085.8760859897397
685,Fashion,950.8104408473505,2,2579.131507182928
686,Fashion,221.57102029435296,8,387.1764234513506
687,Electronics,152.65201441581573,2,418.936902256214
688,Car,683.4743809800909,5,1487.7709352730335
689,Car,376.68019052611754,7,1088.691483349046
690,Art,916.775383228947,4,2506.9264047722518
691,Art,315.98037373204727,18,584.3926431173576
692,Electronics,726.7038823527955,18,2156.642925334573
693,Art,278.2396742724195,1,630.0318933721886
694,Car,728.1153520804064,20,1829.18969575465
695,Electronics,425.05449123809603,6,1043.8512993403028
696,Fashion,221.55086555303336,17,589.0938521896287
697,Electronics,183.78861457411978,22,498.41973403488817
698,Art,119.97973162049732,21,246.55227244669288
699,Car,55.168427104013574,21,112.92451164421209
700,Car,969.2105693986312,8,2306.229728844327
701,Art,22.314565697344413,18,47.81075013590054
702,Fashion,654.4420146707893,6,1671.9522535963088
703,Car,486.1957040293108,23,1341.5502956821188
704,Art,146.783923391087,23,387.7616828106169
705,Fashion,734.4645188630342,1,1211.9699869626684
706,Car,977.0793783035721,21,1804.5928844599246
707,Fashion,946.3178751324413,11,2203.3901645597066
708,Art,144.60423948416684,11,304.23494261207253
709,Car,117.05284761712592,20,287.48224042281896
710,Car,264.31910551447277,11,428.20357178860286
711,Fashion,32.604915722535736,8,97.23362825842736
712,Electronics,978.1529262836262,13,1726.1569684473932
713,Fashion,803.8754277886309,19,1866.5911988329756
714,Art,657.0306957358204,9,1923.2470538373145
715,Fashion,43.39020501216776,1,113.28153091897241
716,Car,536.4746858276812,23,932.040568593781
717,Electronics,894.7002738384854,3,2479.176276712364
718,Car,209.96115754565707,9,375.4681895273013
719,Fashion,202.04114461921284,23,593.1639055904881
720,Car,347.0891312123388,2,692.6249947539225
721,Car,423.50261228960557,5,1046.4085847241565
722,Car,818.7680395773717,6,2106.7877488121417
723,Electronics,179.3016328318934,14,530.1883490789647
724,Electronics,360.6822249288386,3,935.2186221210425
725,Electronics,250.9264503256973,18,456.8792423763436
726,Car,530.1626884275386,22,966.4043593848345
727,Fashion,599.467692467489,17,910.5642367448165
728,Car,577.3815949453139,4,1140.4985146982508
729,Art,204.08663096466185,21,458.4535029016861
730,Car,64.83192527427784,6,122.19101796417179
731,Car,513.6573043437628,7,1327.680950641112
732,Car,571.0628461014378,22,1581.8694998831047
733,Fashion,364.6704524916149,15,669.8716699205913
734,Art,366.2533048547862,15,745.2516819606243
735,Electronics,854.9928044249085,4,1887.6311677520068
736,Art,872.8766437395719,11,2505.777085418851
737,Car,228.0853872978582,14,427.00516440020806
738,Electronics,85.3409199556418,13,197.11493193198496
739,Car,597.4090683384791,3,1458.2174196652122
740,Electronics,189.4641688146841,11,300.4480602593921
741,Car,692.5586354769545,20,1627.9141888553186
742,Fashion,790.9432981033981,10,1751.667174569323
743,Electronics,507.6872785053176,7,1210.5909284607485
744,Art,843.1150616530601,12,2389.6924133850316
745,Art,995.2334101893848,2,1969.205134577782
746,Car,822.6262845515397,22,1395.13300517432
747,Car,212.58607825189532,4,419.92717171553363
748,Electronics,515.4779740808701,10,883.7174792444522
749,Car,92.26462071054027,13,163.64709490890627
750,Art,658.845106426523,4,1126.0091030632402
751,Art,547.3853399391903,17,1523.2202365792898
752,Electronics,711.795978057857,23,2041.502223152122
753,Fashion,199.52630122179286,15,404.49978514810607
754,Electronics,209.6534546065118,5,604.0048037137689
755,Fashion,50.24188678521115,23,90.71694370781886
756,Electronics,325.6550325246104,11,629.4618085808942
757,Electronics,779.0462160091583,4,1516.6197233614696
758,Electronics,421.0535662111649,10,1229.6475798543509
759,Electronics,654.7397614093246,9,1580.6823859154567
760,Art,948.4847134742539,15,2145.7128527642503
761,Electronics,49.78276179041905,11,100.57691959920957
762,Art,347.6677562541378,15,1029.0221450981642
763,Electronics,474.35542273028557,16,1129.4240528281593
764,Art,895.7585333025957,22,2591.9949110164603
765,Car,164.80173105266107,10,285.8499730732634
766,Car,774.8438590663714,5,1452.5275599710399
767,Car,259.3139734764741,16,439.94727721086923
768,Fashion,639.7873329396181,18,1881.4272660921954
769,Car,577.580149475586,9,1101.3445665421698
770,Fashion,317.7314600068856,17,616.1048383424733
771,Car,709.8837596371974,5,1528.1918227115702
772,Car,886.8170373570276,13,2397.94902804058
773,Electronics,991.3839340813719,4,2025.8527098233255
774,Electronics,937.9521600706448,14,1473.4084412291747
775,Electronics,190.14293684280386,5,395.5754204057894
776,Car,540.665739308819,17,1442.0423542876952
777,Art,291.44468283654527,19,798.368214938457
778,Electronics,480.1746920086911,10,1353.6666296316037
779,Fashion,318.64753627108195,10,569.1054257396685
780,Car,261.2878277005991,18,459.39420917363833
781,Car,394.2206561670061,3,968.6732944635078
782,Car,28.876001241693256,8,84.42837294309292
783,Electronics,479.21716268269836,12,1092.1212685391288
784,Electronics,198.53867635093107,13,316.6888429635566
785,Fashion,411.66809459478145,6,1194.8474846218817
786,Fashion,994.875179820443,3,2592.252616741982
787,Electronics,371.6679771034531,9,817.7198930040971
788,Fashion,106.58466534263074,3,174.72300450272076
789,Fashion,542.4277671014029,17,1261.3580838905907
790,Art,880.3697650872566,4,2423.6208468432055
791,Electronics,274.9779155316366,9,586.3778237702397
792,Art,672.4147145076059,4,1411.264481783417
793,Art,106.49341172204191,4,316.70573045161916
794,Fashion,646.934603335031,9,1872.5401085914364
795,Car,344.651363596578,16,537.0828175435637
796,Fashion,149.70133906166234,11,275.84187860490835
797,Art,822.3916140504558,13,1957.8375400686004
798,Art,737.1926383396224,22,1209.1656745665234
799,Art,416.10700929343886,20,786.3964297132434
800,Car,403.05291386288457,15,1155.438248147313
801,Car,937.5021799702408,20,2534.8050570289747
802,Fashion,547.3631433649249,8,1553.3366592220877
803,Electronics,297.1996119230715,19,761.2264328802594
804,Electronics,414.1929887914092,17,849.5446999682889
805,Car,516.8016744093545,13,1095.7743568133103
806,Electronics,833.5819503316704,19,2302.834998496207
807,Art,668.0610917399727,3,1283.566569401272
808,Electronics,749.1413227425105,22,1561.4354965963842
809,Fashion,522.0000390893732,3,1207.4680731572328
810,Art,769.3302597961258,11,1667.2818194603474
811,Fashion,154.73105315029522,4,300.8710542537488
812,Car,106.00594506944232,22,275.3910847992067
813,Fashion,757.4539282152422,20,1578.5061773206194
814,Art,993.5963790210873,15,1635.510723845649
815,Art,395.96295749443357,3,1118.8759458793968
816,Electronics,934.6075133748731,10,1987.8689212857798
817,Car,449.86637975504203,6,1165.2459215430868
818,Car,498.5009483470173,22,1274.621073696696
819,Fashion,148.63021582452626,9,322.0725749669145
820,Fashion,829.6055552009295,8,1822.1734723969653
821,Fashion,325.35822963117147,23,620.5476259957917
822,Fashion,462.8238902237786,4,918.0379057512756
823,Fashion,243.04891264668993,16,632.5990668085194
824,Fashion,733.1274939866418,9,1439.122271117872
825,Electronics,748.0721899826498,1,2034.2441036356392
826,Art,270.60928369490836,21,554.6161429950994
827,Electronics,994.4033180185919,22,2686.206992150586
828,Electronics,208.62047241919763,17,491.67098907583613
829,Car,181.0640412293743,3,533.8235450760767
830,Electronics,20.801532937697367,17,55.21445614914127
831,Car,381.9909313475554,17,849.7434576934145
832,Fashion,303.6051707647391,12,878.134248080347
833,Electronics,493.50374368323173,11,1472.2370825340363
834,Electronics,355.8521415235331,9,763.301468345021
835,Car,678.02757508328,5,1277.6752962922449
836,Electronics,515.8687491120997,16,952.0903284063221
837,Electronics,100.8033707421158,11,270.7902416583262
838,Art,16.89095471176342,23,49.092586520755496
839,Electronics,227.71220645988313,16,596.7098496706382
840,Art,777.9499802167423,21,2151.167137987893
841,Car,937.3986673218285,13,2125.121997046614
842,Electronics,670.4646098661854,11,1825.9063353489996
843,Electronics,903.6246409374954,19,2234.40610564675
844,Fashion,35.06068713628107,20,98.56900014114201
845,Art,590.6305003555476,4,1323.28210143789
846,Electronics,964.353859682963,5,2610.2859871896603
847,Car,30.884067387983887,21,60.197289237143785
848,Electronics,266.7820339756702,10,639.8110679491299
849,Art,194.56212780691826,15,413.5664381553264
850,Car,774.9148649072711,19,1826.6482307450708
851,Car,257.17557599022507,5,567.8277267563412
852,Electronics,479.14810703218393,12,1326.842839655901
853,Car,403.1266279609299,11,1175.2427404296884
854,Art,210.0982923348987,22,618.7160570613567
855,Fashion,366.3686818697958,16,616.9287616237378
856,Car,977.9944762244568,2,1951.079388519338
857,Art,335.2099680506283,22,670.9257993190508
858,Car,13.463008741616896,5,23.725420920873436
859,Electronics,681.1026349776715,5,1362.8403424776832
860,Fashion,902.5855994415875,23,2169.2667115797776
861,Car,677.2012143519369,22,1542.6473283289608
862,Art,606.3475049181051,1,1778.8280152701022
863,Fashion,127.88417944776302,17,300.4283219638204
864,Art,281.1973574237216,13,584.828471456934
865,Fashion,590.5421822676661,11,1060.1882291571774
866,Car,955.9332267500264,22,1586.7209912939722
867,Electronics,529.5001781087564,9,1120.379399732026
868,Electronics,897.4440315947704,1,1882.675445053536
869,Car,698.3085718442004,16,1327.0027256710132
870,Art,876.2912263752298,6,1545.4949141532613
871,Art,904.0921706355136,4,2256.4528138847986
872,Car,238.7020060161356,6,429.95565645258455
873,Car,42.00678221112719,17,70.31495010004447
874,Car,249.3659366222251,22,537.2177903043074
875,Electronics,105.69434374966909,10,199.00598946393436
876,Art,178.2719589844014,3,356.45582495308935
877,Electronics,892.8518694287764,5,2335.4331620598077
878,Car,602.5279668437393,7,1631.2310516653204
879,Art,824.3213145184759,6,1272.4503956665071
880,Electronics,33.38414193765857,10,78.72548540070731
881,Electronics,965.128810637841,17,2836.298582814856
882,Art,401.2356553687256,5,958.7814391938318
883,Fashion,918.7040373016148,2,2023.3443339044234
884,Electronics,420.2235065212911,18,854.7702269316293
885,Electronics,306.59566213133087,4,619.5055622146442
886,Car,186.62099493461434,11,427.4090042035851
887,Car,945.1624956171544,13,2492.8327253369184
888,Car,496.85548751949153,5,1076.0412369513347
889,Car,903.9427488536544,12,2105.6002409822718
890,Fashion,232.48267655773438,2,446.81354585958223
891,Fashion,609.6722475746195,14,1796.3515176890442
892,Car,726.932278434633,18,1140.877859369367
893,Fashion,452.2601128740607,15,783.9790938391433
894,Art,161.96720917443622,3,435.1935453658475
895,Fashion,909.6022023621354,1,2514.7345432886077
896,Electronics,419.4176086385189,17,830.6465875689929
897,Fashion,49.05123637963816,1,79.38705885724696
898,Car,648.2195672185921,5,1643.1653018865563
899,Fashion,164.75329721625434,4,438.0195188660373
900,Art,192.71680231525042,20,354.5501528845561
901,Fashion,330.9510264343662,3,938.8576259428946
902,Electronics,455.3993886589705,7,1155.9742869878921
903,Car,560.696092124109,13,1308.9909346402414
904,Electronics,309.69757581085025,20,521.9579922380647
905,Car,737.9778046981056,8,1418.297312842609
906,Electronics,405.15030365365305,16,708.5877603506394
907,Art,81.41928462102744,9,178.5771707623943
908,Fashion,958.3265851833714,18,2874.654178517917
909,Fashion,482.3657097632161,12,1307.2010189287305
910,Electronics,186.29948519450784,12,446.77800556793784
911,Electronics,367.484312747702,3,1053.360104270601
912,Art,858.1136317545902,8,1574.406667457374
913,Electronics,683.4598325331078,10,1954.6510401037303
914,Fashion,11.17238011687614,1,33.332927561758076
915,Fashion,187.46726111319745,10,354.3896031091868
916,Electronics,550.6352777323608,2,1196.1983175805105
917,Fashion,282.2765589912183,12,558.068502627398
918,Car,199.8475860815306,13,458.2821346763154
919,Car,244.8967242326814,22,640.0550992551971
920,Car,291.20640096785434,8,595.0345052683342
921,Art,694.1526680089955,3,1475.0109979458282
922,Art,983.839717449071,10,1923.4308956669702
923,Art,859.6527349852662,22,1765.581189845283
924,Electronics,302.07818183455475,13,477.2140026818401
925,Fashion,144.49322900975483,10,418.16707828759786
926,Car,220.6996653603754,3,521.7696781296102
927,Fashion,867.900317035341,3,1416.279384204576
928,Electronics,399.35383262135946,18,1092.0176303678604
929,Fashion,279.5928444532753,6,694.3116431595298
930,Car,551.5117515932039,21,1291.527896289839
931,Car,440.58594546944374,19,856.0967508067796
932,Art,150.55917689481677,13,342.5091696583653
933,Art,872.8534729497707,2,1478.5961867003466
934,Car,812.8979891556477,12,2261.5871219238243
935,Art,672.6660409797161,19,1217.5200617820408
936,Car,598.1885847602448,9,1433.149726705802
937,Art,219.89151460445376,8,657.0343946690751
938,Electronics,230.95955842072328,16,610.2844540017353
939,Art,429.022461992755,19,1170.3947167260326
940,Art,203.60791467851232,1,579.3863063977085
941,Fashion,973.5553705707981,5,2081.3155185497867
942,Car,673.9584400924449,9,1578.5643917655277
943,Art,549.6161759105509,15,1042.7080170867464
944,Electronics,767.6101308892842,5,1317.3858927376177
945,Art,47.08822188715721,2,109.98863382416414
946,Electronics,880.0542841881979,6,1941.4604351048665
947,Car,754.1139037010872,14,2212.953939931352
948,Fashion,650.5824663895403,8,1623.8324977372786
949,Art,962.7516987760633,15,1900.6951713852948
950,Electronics,255.68682516317674,21,435.6868020531862
951,Fashion,752.8674158757203,11,2203.9035357875873
952,Fashion,779.6644972060147,20,1956.8799776420813
953,Car,237.42506130056694,3,656.30818105713
954,Art,178.84651791667147,7,464.9163959208282
955,Car,15.796154564026349,23,26.16787615650838
956,Fashion,638.0765124373696,11,1192.0950675215483
957,Art,102.06993665084184,17,279.85352778000504
958,Car,117.41315082331461,5,185.65946751529674
959,Art,265.8808427028016,17,463.75683511521953
960,Fashion,288.652691374305,17,788.207542913013
961,Car,987.0563586612667,1,2184.983574511508
962,Electronics,129.81350579557417,18,200.8450831180996
963,Art,640.6280013440152,19,1419.697133895247
964,Fashion,903.4903567127092,7,1463.0669547374573
965,Electronics,25.702591324068948,22,46.38690173285124
966,Art,362.05391181569723,16,798.6911546522335
967,Art,189.25991328932722,11,377.28488682612067
968,Fashion,826.1125113581647,22,1269.9730490864906
969,Fashion,898.7197058811096,20,2185.6397076083817
970,Fashion,491.565401522398,1,1292.8432050358535
971,Car,948.1501012427217,13,2550.113890956283
972,Fashion,303.8554358378468,3,580.8071382821129
973,Car,770.7606182625874,7,1540.4141161486732
974,Electronics,972.9070114144124,3,1896.9634908044616
975,Fashion,269.7779334810062,7,580.2043910474204
976,Electronics,758.4707100623398,6,2024.9310633157509
977,Electronics,223.3384609055398,18,448.2367486868933
978,Art,305.4256477883233,5,741.6761975335361
979,Art,26.403427959448575,7,40.46679942240918
980,Art,154.87373007900973,15,423.03662568615397
981,Art,818.3176189491176,7,1449.0374279712478
982,Electronics,539.6152848375509,15,1279.4668973027367
983,Car,593.7621797005085,12,1359.1778417919581
984,Electronics,345.4262667315157,4,591.3422105167813
985,Electronics,885.7259277697395,9,1467.399646054422
986,Car,160.483949720932,2,257.14873063596275
987,Electronics,576.8547232820641,1,1224.648974873653
988,Fashion,209.76508628761715,14,541.3809932149825
989,Art,94.02567967084285,13,176.30545384010478
990,Electronics,687.0495568180714,12,1288.8865580726524
991,Art,521.7620547984768,16,1344.8107462649557
992,Fashion,204.58046461178128,1,506.044583761315
993,Art,58.20207898213136,16,129.98392654947136
994,Electronics,148.4771335362883,22,270.129352729657
995,Fashion,105.17916427549409,9,232.10639724138812
996,Car,593.290348234172,7,1676.7279416905171
997,Car,844.199399740131,21,1815.6330232807134
998,Electronics,15.1062293702146,6,26.47922435586329
999,Electronics,388.31580857647117,23,906.0558080272816
1000,Electronics,290.4391327214991,20,591.6556474559843
